<?xml version="1.0" encoding="UTF-8"?>
<project-private xmlns="http://www.netbeans.org/ns/project-private/1">
    <editor-bookmarks xmlns="http://www.netbeans.org/ns/editor-bookmarks/2" lastBookmarkId="0"/>
    <open-files xmlns="http://www.netbeans.org/ns/projectui-open-files/2">
        <group>
            <file>file:/D:/PRJ_netbeans17/Project/web/contact.jsp</file>
            <file>file:/D:/PRJ_netbeans17/Project/src/java/controller/ManageServlet.java</file>
            <file>file:/D:/PRJ_netbeans17/Project/web/edit.jsp</file>
            <file>file:/D:/PRJ_netbeans17/Project/src/java/model/Customer.java</file>
            <file>file:/D:/PRJ_netbeans17/Project/web/home.jsp</file>
            <file>file:/D:/PRJ_netbeans17/Project/src/java/controller/DeleteServlet.java</file>
            <file>file:/D:/PRJ_netbeans17/Project/web/shop.jsp</file>
            <file>file:/D:/PRJ_netbeans17/Project/src/java/controller/ProductServlet.java</file>
            <file>file:/D:/PRJ_netbeans17/Project/src/java/model/Cart.java</file>
            <file>file:/D:/PRJ_netbeans17/Project/web/manage.jsp</file>
            <file>file:/D:/PRJ_netbeans17/Project/src/java/controller/UpdateServlet.java</file>
            <file>file:/D:/PRJ_netbeans17/Project/src/java/model/Products.java</file>
            <file>file:/D:/PRJ_netbeans17/Project/web/changePass.jsp</file>
            <file>file:/D:/PRJ_netbeans17/Project/src/java/model/Account.java</file>
            <file>file:/D:/PRJ_netbeans17/Project/web/js/manager.js</file>
            <file>file:/D:/PRJ_netbeans17/Project/src/java/dal/DBContext.java</file>
            <file>file:/D:/PRJ_netbeans17/Project/src/java/model/CartItem.java</file>
            <file>file:/D:/PRJ_netbeans17/Project/src/java/controller/DetailServlet.java</file>
            <file>file:/D:/PRJ_netbeans17/Project/web/css/style.css</file>
            <file>file:/D:/PRJ_netbeans17/Project/src/java/model/Categories.java</file>
            <file>file:/D:/PRJ_netbeans17/Project/src/java/controller/LoadServlet.java</file>
            <file>file:/D:/PRJ_netbeans17/Project/src/java/controller/ChangeServlet.java</file>
            <file>file:/D:/PRJ_netbeans17/Project/src/java/controller/SortAsc.java</file>
            <file>file:/D:/PRJ_netbeans17/Project/src/java/controller/LogoutServlet.java</file>
            <file>file:/D:/PRJ_netbeans17/Project/web/login.jsp</file>
            <file>file:/D:/PRJ_netbeans17/Project/web/css/manager.css</file>
            <file>file:/D:/PRJ_netbeans17/Project/src/java/controller/ShowServlet.java</file>
            <file>file:/D:/PRJ_netbeans17/Project/src/java/controller/ShopServlet.java</file>
            <file>file:/D:/PRJ_netbeans17/Project/web/index.html</file>
            <file>file:/D:/PRJ_netbeans17/Project/web/cart.jsp</file>
            <file>file:/D:/PRJ_netbeans17/Project/src/java/controller/LoginServlet.java</file>
            <file>file:/D:/PRJ_netbeans17/Project/src/java/controller/AddServlet.java</file>
            <file>file:/D:/PRJ_netbeans17/Project/web/detail.jsp</file>
            <file>file:/D:/PRJ_netbeans17/Project/web/signUp.jsp</file>
            <file>file:/D:/PRJ_netbeans17/Project/src/java/controller/HomeServlet.java</file>
            <file>file:/D:/PRJ_netbeans17/Project/src/java/dal/ProductsDAO.java</file>
            <file>file:/D:/PRJ_netbeans17/Project/src/java/controller/CategoryServlet.java</file>
            <file>file:/D:/PRJ_netbeans17/Project/src/java/dal/CartDAO.java</file>
            <file>file:/D:/PRJ_netbeans17/Project/web/checkout.jsp</file>
            <file>file:/D:/PRJ_netbeans17/Project/src/java/controller/SignupServlet.java</file>
            <file>file:/D:/PRJ_netbeans17/Project/src/java/dal/CategoriesDAO.java</file>
            <file>file:/D:/PRJ_netbeans17/Project/src/java/controller/EditServlet.java</file>
            <file>file:/D:/PRJ_netbeans17/Project/src/java/controller/SearchServlet.java</file>
            <file>file:/D:/PRJ_netbeans17/Project/web/showProfile.jsp</file>
            <file>file:/D:/PRJ_netbeans17/Project/src/java/dal/AccountDAO.java</file>
            <file>file:/D:/PRJ_netbeans17/Project/src/java/dal/CustomerDAO.java</file>
            <file>file:/D:/PRJ_netbeans17/Project/web/updateProfile.jsp</file>
            <file>file:/D:/PRJ_netbeans17/Project/src/java/controller/SortServlet.java</file>
        </group>
    </open-files>
</project-private>
